@types/react,16.0.5,"",MIT
JSONStream,1.3.1,http://github.com/dominictarr/JSONStream,(MIT OR Apache-2.0)
abbrev,1.0.9,https://github.com/isaacs/abbrev-js#readme,ISC
accepts,1.3.3,https://github.com/jshttp/accepts#readme,MIT
acorn,4.0.13,https://github.com/ternjs/acorn,MIT
acorn-dynamic-import,2.0.2,https://github.com/kesne/acorn-dynamic-import,MIT
acorn-jsx,3.0.1,https://github.com/RReverser/acorn-jsx,MIT
actioncable,5.1.0,http://rubyonrails.org,MIT
actionmailer,5.1.0,http://rubyonrails.org,MIT
actionpack,5.1.0,http://rubyonrails.org,MIT
actionview,5.1.0,http://rubyonrails.org,MIT
activejob,5.1.0,http://rubyonrails.org,MIT
activemodel,5.1.0,http://rubyonrails.org,MIT
activerecord,5.1.0,http://rubyonrails.org,MIT
activesupport,5.1.0,http://rubyonrails.org,MIT
adjust-sourcemap-loader,1.1.0,https://github.com/bholloway/adjust-sourcemap-loader,MIT
after,0.8.2,https://github.com/Raynos/after#readme,MIT
ajv,5.2.2,https://github.com/epoberezkin/ajv,MIT
ajv-keywords,2.1.0,https://github.com/epoberezkin/ajv-keywords#readme,MIT
align-text,0.1.4,https://github.com/jonschlinkert/align-text,MIT
alphanum-sort,1.0.2,https://github.com/TrySound/alphanum-sort,MIT
amdefine,1.0.1,http://github.com/jrburke/amdefine,BSD-3-Clause OR MIT
ansi-escapes,2.0.0,https://github.com/sindresorhus/ansi-escapes#readme,MIT
ansi-html,0.0.7,https://github.com/Tjatse/ansi-html,Apache 2.0
ansi-regex,2.1.1,https://github.com/chalk/ansi-regex#readme,MIT
ansi-styles,3.2.0,https://github.com/chalk/ansi-styles#readme,MIT
any-promise,0.1.0,http://github.com/kevinbeaty/any-promise,MIT
anymatch,1.3.2,https://github.com/es128/anymatch,ISC
append-transform,0.4.0,https://github.com/jamestalmage/append-transform#readme,MIT
aproba,1.1.2,https://github.com/iarna/aproba,ISC
are-we-there-yet,1.1.4,https://github.com/iarna/are-we-there-yet,ISC
arel,8.0.0,https://github.com/rails/arel,MIT
argparse,1.0.9,https://github.com/nodeca/argparse#readme,MIT
arr-diff,2.0.0,https://github.com/jonschlinkert/arr-diff,MIT
arr-flatten,1.1.0,https://github.com/jonschlinkert/arr-flatten,MIT
array-differ,1.0.0,https://github.com/sindresorhus/array-differ#readme,MIT
array-filter,0.0.1,https://github.com/juliangruber/array-filter,MIT
array-find-index,1.0.2,https://github.com/sindresorhus/array-find-index#readme,MIT
array-flatten,2.1.1,https://github.com/blakeembrey/array-flatten,MIT
array-includes,3.0.3,https://github.com/ljharb/array-includes#readme,MIT
array-map,0.0.0,https://github.com/substack/array-map,MIT
array-reduce,0.0.0,https://github.com/substack/array-reduce,MIT
array-slice,0.2.3,https://github.com/jonschlinkert/array-slice,MIT
array-union,1.0.2,https://github.com/sindresorhus/array-union#readme,MIT
array-uniq,1.0.3,https://github.com/sindresorhus/array-uniq#readme,MIT
array-unique,0.2.1,https://github.com/jonschlinkert/array-unique,MIT
arraybuffer.slice,0.0.6,https://github.com/rase-/arraybuffer.slice,MIT
arrify,1.0.1,https://github.com/sindresorhus/arrify#readme,MIT
asap,2.0.6,https://github.com/kriskowal/asap#readme,MIT
asn1,0.2.3,https://github.com/mcavage/node-asn1#readme,MIT
asn1.js,4.9.1,https://github.com/indutny/asn1.js,MIT
assert,1.4.1,https://github.com/defunctzombie/commonjs-assert,MIT
assert-plus,0.2.0,https://github.com/mcavage/node-assert-plus#readme,MIT
astw,2.2.0,https://github.com/substack/astw,MIT
async,2.4.1,https://github.com/caolan/async#readme,MIT
async-each,1.0.1,https://github.com/paulmillr/async-each/,MIT
async-foreach,0.1.3,http://github.com/cowboy/javascript-sync-async-foreach,MIT
asynckit,0.4.0,https://github.com/alexindigo/asynckit#readme,MIT
atob,1.1.3,https://github.com/coolaj86/node-browser-compat,(MIT OR Apache-2.0)
autoprefixer,7.1.2,https://github.com/postcss/autoprefixer#readme,MIT
aws-sign2,0.6.0,https://github.com/mikeal/aws-sign#readme,Apache 2.0
aws4,1.6.0,https://github.com/mhart/aws4#readme,MIT
axiom-types,0.1.1,https://github.com/dkubb/axiom-types,MIT
babel-code-frame,6.26.0,https://babeljs.io/,MIT
babel-core,6.26.0,https://babeljs.io/,MIT
babel-generator,6.26.0,https://babeljs.io/,MIT
babel-helper-bindify-decorators,6.24.1,"",MIT
babel-helper-builder-binary-assignment-operator-visitor,6.24.1,"",MIT
babel-helper-builder-react-jsx,6.26.0,"",MIT
babel-helper-call-delegate,6.24.1,"",MIT
babel-helper-define-map,6.26.0,"",MIT
babel-helper-explode-assignable-expression,6.24.1,"",MIT
babel-helper-explode-class,6.24.1,"",MIT
babel-helper-function-name,6.24.1,"",MIT
babel-helper-get-function-arity,6.24.1,"",MIT
babel-helper-hoist-variables,6.24.1,"",MIT
babel-helper-optimise-call-expression,6.24.1,"",MIT
babel-helper-regex,6.26.0,"",MIT
babel-helper-remap-async-to-generator,6.24.1,"",MIT
babel-helper-replace-supers,6.24.1,"",MIT
babel-helpers,6.24.1,https://babeljs.io/,MIT
babel-loader,7.1.2,https://github.com/babel/babel-loader,MIT
babel-messages,6.23.0,https://babeljs.io/,MIT
babel-plugin-array-includes,2.0.3,https://github.com/stoeffel/babel-plugin-array-includes#readme,MIT
babel-plugin-check-es2015-constants,6.22.0,"",MIT
babel-plugin-syntax-async-functions,6.13.0,"",MIT
babel-plugin-syntax-async-generators,6.13.0,"",MIT
babel-plugin-syntax-class-properties,6.13.0,"",MIT
babel-plugin-syntax-decorators,6.13.0,"",MIT
babel-plugin-syntax-dynamic-import,6.18.0,"",MIT
babel-plugin-syntax-exponentiation-operator,6.13.0,"",MIT
babel-plugin-syntax-flow,6.18.0,"",MIT
babel-plugin-syntax-jsx,6.18.0,"",MIT
babel-plugin-syntax-object-rest-spread,6.13.0,"",MIT
babel-plugin-syntax-trailing-function-commas,6.22.0,"",MIT
babel-plugin-transform-async-generator-functions,6.24.1,"",MIT
babel-plugin-transform-async-to-generator,6.24.1,"",MIT
babel-plugin-transform-class-properties,6.24.1,"",MIT
babel-plugin-transform-decorators,6.24.1,"",MIT
babel-plugin-transform-es2015-arrow-functions,6.22.0,"",MIT
babel-plugin-transform-es2015-block-scoped-functions,6.22.0,"",MIT
babel-plugin-transform-es2015-block-scoping,6.26.0,"",MIT
babel-plugin-transform-es2015-classes,6.24.1,"",MIT
babel-plugin-transform-es2015-computed-properties,6.24.1,"",MIT
babel-plugin-transform-es2015-destructuring,6.23.0,"",MIT
babel-plugin-transform-es2015-duplicate-keys,6.24.1,"",MIT
babel-plugin-transform-es2015-for-of,6.23.0,"",MIT
babel-plugin-transform-es2015-function-name,6.24.1,"",MIT
babel-plugin-transform-es2015-literals,6.22.0,"",MIT
babel-plugin-transform-es2015-modules-amd,6.24.1,"",MIT
babel-plugin-transform-es2015-modules-commonjs,6.26.0,"",MIT
babel-plugin-transform-es2015-modules-systemjs,6.24.1,"",MIT
babel-plugin-transform-es2015-modules-umd,6.24.1,"",MIT
babel-plugin-transform-es2015-object-super,6.24.1,"",MIT
babel-plugin-transform-es2015-parameters,6.24.1,"",MIT
babel-plugin-transform-es2015-shorthand-properties,6.24.1,"",MIT
babel-plugin-transform-es2015-spread,6.22.0,"",MIT
babel-plugin-transform-es2015-sticky-regex,6.24.1,"",MIT
babel-plugin-transform-es2015-template-literals,6.22.0,"",MIT
babel-plugin-transform-es2015-typeof-symbol,6.23.0,"",MIT
babel-plugin-transform-es2015-unicode-regex,6.24.1,"",MIT
babel-plugin-transform-exponentiation-operator,6.24.1,"",MIT
babel-plugin-transform-flow-strip-types,6.22.0,"",MIT
babel-plugin-transform-object-rest-spread,6.26.0,"",MIT
babel-plugin-transform-react-display-name,6.25.0,"",MIT
babel-plugin-transform-react-jsx,6.24.1,"",MIT
babel-plugin-transform-react-jsx-self,6.22.0,"",MIT
babel-plugin-transform-react-jsx-source,6.22.0,"",MIT
babel-plugin-transform-regenerator,6.26.0,https://github.com/babel/babel/tree/master/packages/babel-plugin-transform-regenerator,MIT
babel-plugin-transform-runtime,6.23.0,"",MIT
babel-plugin-transform-strict-mode,6.24.1,"",MIT
babel-polyfill,6.23.0,https://babeljs.io/,MIT
babel-preset-env,1.6.0,https://babeljs.io/,MIT
babel-preset-es2015,6.24.1,https://babeljs.io/,MIT
babel-preset-flow,6.23.0,"",MIT
babel-preset-react,6.24.1,https://babeljs.io/,MIT
babel-preset-stage-2,6.24.1,https://babeljs.io/,MIT
babel-preset-stage-3,6.24.1,https://babeljs.io/,MIT
babel-regenerator-runtime,6.5.0,https://github.com/babel/babel/tree/master/packages/babel-regenerator-runtime,BSD
babel-register,6.26.0,"",MIT
babel-runtime,6.26.0,"",MIT
babel-template,6.26.0,https://babeljs.io/,MIT
babel-traverse,6.26.0,https://babeljs.io/,MIT
babel-types,6.26.0,https://babeljs.io/,MIT
babelify,7.3.0,https://github.com/babel/babelify,MIT
babylon,6.18.0,https://babeljs.io/,MIT
backo2,1.0.2,https://github.com/mokesmokes/backo#readme,MIT
balanced-match,1.0.0,https://github.com/juliangruber/balanced-match,MIT
base64-arraybuffer,0.1.5,https://github.com/niklasvh/base64-arraybuffer,MIT
base64-js,1.2.1,https://github.com/beatgammit/base64-js,MIT
base64id,1.0.0,https://github.com/faeldt/base64id#readme,MIT
batch,0.6.1,https://github.com/visionmedia/batch#readme,MIT
bcrypt-pbkdf,1.0.1,"",New BSD
beeper,1.1.1,https://github.com/sindresorhus/beeper#readme,MIT
better-assert,1.0.2,https://github.com/visionmedia/better-assert#readme,MIT
big.js,3.1.3,https://github.com/MikeMcl/big.js#readme,MIT
binary-extensions,1.10.0,https://github.com/sindresorhus/binary-extensions#readme,MIT
bl,0.9.5,https://github.com/rvagg/bl,MIT
blob,0.0.4,https://github.com/rase-/blob,unknown
block-stream,0.0.9,https://github.com/isaacs/block-stream#readme,ISC
bluebird,3.5.0,https://github.com/petkaantonov/bluebird,MIT
bn.js,4.11.8,https://github.com/indutny/bn.js,MIT
body-parser,1.17.2,https://github.com/expressjs/body-parser#readme,MIT
bonjour,3.5.0,https://github.com/watson/bonjour,MIT
boolbase,1.0.0,https://github.com/fb55/boolbase,ISC
boom,2.10.1,https://github.com/hapijs/boom#readme,New BSD
bootstrap,3.3.7,http://getbootstrap.com,MIT
bootstrap-accessibility-plugin,1.0.2,https://github.com/paypal/bootstrap-accessibility-plugin,BSD
brace-expansion,1.1.8,https://github.com/juliangruber/brace-expansion,MIT
braces,0.1.5,https://github.com/jonschlinkert/braces,MIT
brorand,1.1.0,https://github.com/indutny/brorand,MIT
browser-pack,6.0.2,https://github.com/substack/browser-pack,MIT
browser-resolve,1.11.2,https://github.com/shtylman/node-browser-resolve#readme,MIT
browserify,14.4.0,https://github.com/substack/node-browserify#readme,MIT
browserify-aes,1.0.6,https://github.com/crypto-browserify/browserify-aes,MIT
browserify-cipher,1.0.0,https://github.com/crypto-browserify/browserify-cipher#readme,MIT
browserify-des,1.0.0,https://github.com/crypto-browserify/browserify-des#readme,MIT
browserify-rsa,4.0.1,https://github.com/crypto-browserify/browserify-rsa#readme,MIT
browserify-sign,4.0.4,https://github.com/crypto-browserify/browserify-sign#readme,ISC
browserify-zlib,0.1.4,https://github.com/devongovett/browserify-zlib#readme,MIT
browserslist,2.3.3,https://github.com/ai/browserslist#readme,MIT
buffer,4.9.1,https://github.com/feross/buffer,MIT
buffer-indexof,1.1.1,https://github.com/soldair/node-buffer-indexof#readme,MIT
buffer-shims,1.0.0,https://github.com/calvinmetcalf/buffer-shims#readme,MIT
buffer-xor,1.0.3,https://github.com/crypto-browserify/buffer-xor,MIT
builder,3.2.3,http://onestepback.org,MIT
builtin-modules,1.1.1,https://github.com/sindresorhus/builtin-modules#readme,MIT
builtin-status-codes,3.0.0,https://github.com/bendrucker/builtin-status-codes#readme,MIT
bundler,1.15.4,http://bundler.io,MIT
bytes,2.4.0,https://github.com/visionmedia/bytes.js#readme,MIT
cached-path-relative,1.0.1,https://github.com/ashaffer/cached-path-relative#readme,MIT
caller-path,0.1.0,https://github.com/sindresorhus/caller-path#readme,MIT
callsite,1.0.0,"",unknown
callsites,0.2.0,https://github.com/sindresorhus/callsites#readme,MIT
camelcase,2.1.1,https://github.com/sindresorhus/camelcase#readme,MIT
camelcase-css,1.0.1,https://github.com/stevenvachon/camelcase-css,MIT
camelcase-keys,2.1.0,https://github.com/sindresorhus/camelcase-keys#readme,MIT
caniuse-api,1.6.1,https://github.com/nyalab/caniuse-api#readme,MIT
caniuse-db,1.0.30000717,https://github.com/Fyrd/caniuse#readme,CC-BY-4.0
caniuse-lite,1.0.30000717,https://github.com/ben-eb/caniuse-lite#readme,CC-BY-4.0
caseless,0.12.0,https://github.com/mikeal/caseless#readme,Apache 2.0
center-align,0.1.3,https://github.com/jonschlinkert/center-align,MIT
chalk,2.1.0,https://github.com/chalk/chalk#readme,MIT
cheerio,0.22.0,https://github.com/cheeriojs/cheerio#readme,MIT
chokidar,1.7.0,https://github.com/paulmillr/chokidar,MIT
cipher-base,1.0.4,https://github.com/crypto-browserify/cipher-base#readme,MIT
circular-json,0.3.3,https://github.com/WebReflection/circular-json,MIT
clap,1.2.0,https://github.com/lahmatiy/clap,MIT
classnames,2.2.5,https://github.com/JedWatson/classnames#readme,MIT
cli,0.4.5,http://github.com/chriso/cli,MIT
cli-cursor,2.1.0,https://github.com/sindresorhus/cli-cursor#readme,MIT
cli-width,2.2.0,https://github.com/knownasilya/cli-width,ISC
clipboard-js,0.3.5,https://github.com/lgarron/clipboard.js#readme,MIT
cliui,3.2.0,https://github.com/yargs/cliui#readme,ISC
clone,1.0.2,https://github.com/pvorb/node-clone#readme,MIT
clone-deep,0.3.0,https://github.com/jonschlinkert/clone-deep,MIT
clone-stats,0.0.1,https://github.com/hughsk/clone-stats,MIT
co,4.6.0,https://github.com/tj/co#readme,MIT
coa,1.0.4,http://github.com/veged/coa,MIT
code-point-at,1.1.0,https://github.com/sindresorhus/code-point-at#readme,MIT
coercible,1.0.0,https://github.com/solnic/coercible,MIT
coffee-loader,0.7.3,https://github.com/webpack/coffee-loader#readme,MIT
coffee-script,1.12.7,http://coffeescript.org,MIT
color,0.11.4,https://github.com/Qix-/color#readme,MIT
color-convert,1.9.0,https://github.com/Qix-/color-convert#readme,MIT
color-name,1.1.3,https://github.com/dfcreative/color-name,MIT
color-string,0.3.0,https://github.com/harthur/color-string#readme,MIT
colormin,1.1.2,https://github.com/ben-eb/colormin,MIT
colors,1.1.2,https://github.com/Marak/colors.js,MIT
combine-lists,1.0.1,https://github.com/sjelin/combine-lists#readme,MIT
combine-source-map,0.7.2,https://github.com/thlorenz/combine-source-map,MIT
combined-stream,1.0.5,https://github.com/felixge/node-combined-stream,MIT
commondir,1.0.1,https://github.com/substack/node-commondir#readme,MIT
complex.js,2.0.4,https://github.com/infusion/Complex.js,MIT OR GPL-2.0
component-bind,1.0.0,https://github.com/component/bind#readme,unknown
component-emitter,1.2.1,https://github.com/component/emitter#readme,MIT
component-inherit,0.0.3,https://github.com/component/inherit#readme,unknown
compressible,2.0.11,https://github.com/jshttp/compressible#readme,MIT
compression,1.7.0,https://github.com/expressjs/compression#readme,MIT
compression-webpack-plugin,1.0.0,https://webpack.js.org,MIT
concat-map,0.0.1,https://github.com/substack/node-concat-map#readme,MIT
concat-stream,1.5.2,https://github.com/maxogden/concat-stream#readme,MIT
concurrent-ruby,1.0.5,http://www.concurrent-ruby.com,MIT
connect,3.6.3,https://github.com/senchalabs/connect#readme,MIT
connect-history-api-fallback,1.3.0,https://github.com/bripkens/connect-history-api-fallback#readme,MIT
console-browserify,1.1.0,https://github.com/Raynos/console-browserify,[Circular]
console-control-strings,1.1.0,https://github.com/iarna/console-control-strings#readme,ISC
constants-browserify,1.0.0,https://github.com/juliangruber/constants-browserify,MIT
content-disposition,0.5.2,https://github.com/jshttp/content-disposition#readme,MIT
content-type,1.0.2,https://github.com/jshttp/content-type#readme,MIT
convert-source-map,1.5.0,https://github.com/thlorenz/convert-source-map,MIT
cookie,0.3.1,https://github.com/jshttp/cookie#readme,MIT
cookie-signature,1.0.6,https://github.com/visionmedia/node-cookie-signature#readme,MIT
copyfiles,1.2.0,https://github.com/calvinmetcalf/copyfiles#readme,ISC
core-js,2.5.0,https://github.com/zloirock/core-js#readme,MIT
core-util-is,1.0.2,https://github.com/isaacs/core-util-is#readme,MIT
cors,2.8.4,https://github.com/expressjs/cors#readme,MIT
cosmiconfig,2.2.2,https://github.com/davidtheclark/cosmiconfig#readme,MIT
create-ecdh,4.0.0,https://github.com/crypto-browserify/createECDH,MIT
create-hash,1.1.3,https://github.com/crypto-browserify/createHash,MIT
create-hmac,1.1.6,https://github.com/crypto-browserify/createHmac,MIT
create-react-class,15.6.0,https://facebook.github.io/react/,New BSD
cross-spawn,3.0.1,https://github.com/IndigoUnited/node-cross-spawn#readme,MIT
cryptiles,2.0.5,https://github.com/hapijs/cryptiles#readme,New BSD
crypto-browserify,3.11.1,https://github.com/crypto-browserify/crypto-browserify,MIT
css,2.2.1,https://github.com/reworkcss/css#readme,MIT
css-color-function,1.3.0,https://github.com/ianstormtaylor/css-color-function#readme,MIT
css-color-names,0.0.4,https://github.com/bahamas10/css-color-names#readme,MIT
css-loader,0.28.5,https://github.com/webpack/css-loader#readme,MIT
css-select,1.2.0,https://github.com/fb55/css-select#readme,BSD-like
css-selector-tokenizer,0.7.0,https://github.com/css-modules/css-selector-tokenizer,MIT
css-what,2.1.0,https://github.com/fb55/css-what#readme,BSD-like
cssesc,0.1.0,http://mths.be/cssesc,MIT
cssnano,3.10.0,https://github.com/ben-eb/cssnano,MIT
csso,2.3.2,https://github.com/css/csso,MIT
currently-unhandled,0.4.1,https://github.com/jamestalmage/currently-unhandled#readme,MIT
custom-event,1.0.1,https://github.com/webmodules/custom-event,MIT
d,1.0.0,https://github.com/medikoo/d#readme,MIT
dashdash,1.14.1,https://github.com/trentm/node-dashdash#readme,MIT
date-arithmetic,3.1.0,https://github.com/jquense/date-math,MIT
date-now,0.1.4,https://github.com/Colingo/date-now,MIT
dateformat,1.0.2-1.2.3,https://github.com/felixge/node-dateformat,unknown
debug,2.6.8,https://github.com/visionmedia/debug#readme,MIT
decamelize,1.2.0,https://github.com/sindresorhus/decamelize#readme,MIT
decimal.js,7.2.3,https://github.com/MikeMcl/decimal.js#readme,MIT
deconstruct-number-format,0.0.1,https://github.com/DeeLindesay/deconstruct-number-format#readme,MIT
deep-equal,1.0.1,https://github.com/substack/node-deep-equal#readme,MIT
deep-extend,0.4.2,https://github.com/unclechu/node-deep-extend,MIT
deep-is,0.1.3,https://github.com/thlorenz/deep-is#readme,MIT
default-require-extensions,1.0.0,https://github.com/jamestalmage/default-require-extensions#readme,MIT
define-properties,1.1.2,https://github.com/ljharb/define-properties#readme,MIT
defined,1.0.0,https://github.com/substack/defined,MIT
del,2.2.2,https://github.com/sindresorhus/del#readme,MIT
delayed-stream,1.0.0,https://github.com/felixge/node-delayed-stream,MIT
delegates,1.0.0,https://github.com/visionmedia/node-delegates#readme,MIT
depd,1.1.1,https://github.com/dougwilson/nodejs-depd#readme,MIT
deps-sort,2.0.0,https://github.com/substack/deps-sort,MIT
des.js,1.0.0,https://github.com/indutny/des.js#readme,MIT
descendants_tracker,0.0.4,https://github.com/dkubb/descendants_tracker,MIT
destroy,1.0.4,https://github.com/stream-utils/destroy#readme,MIT
detect-indent,4.0.0,https://github.com/sindresorhus/detect-indent#readme,MIT
detect-node,2.0.3,https://github.com/iliakan/detect-node,ISC
detective,4.5.0,https://github.com/substack/node-detective#readme,MIT
di,0.0.1,https://github.com/vojtajina/node-di#readme,MIT
diffie-hellman,5.0.2,https://github.com/crypto-browserify/diffie-hellman,MIT
dns-equal,1.0.0,https://github.com/watson/dns-equal#readme,MIT
dns-packet,1.2.2,https://github.com/mafintosh/dns-packet,MIT
dns-txt,2.0.2,https://github.com/watson/dns-txt,MIT
doctrine,2.0.0,https://github.com/eslint/doctrine,Apache 2.0
dom-helpers,2.4.0,https://github.com/jquense/dom-helpers#readme,MIT
dom-serialize,2.2.1,https://github.com/webmodules/dom-serialize,MIT
dom-serializer,0.1.0,https://github.com/cheeriojs/dom-renderer#readme,MIT
domain-browser,1.1.7,https://github.com/bevry/domain-browser,MIT
domelementtype,1.3.0,https://github.com/FB55/domelementtype#readme,unknown
domhandler,2.4.1,https://github.com/fb55/DomHandler#readme,Simplified BSD
domutils,1.6.2,https://github.com/FB55/domutils#readme,Simplified BSD
duplexer2,0.1.4,https://github.com/deoxxa/duplexer2#readme,New BSD
ecc-jsbn,0.1.1,https://github.com/quartzjer/ecc-jsbn,MIT
ee-first,1.1.1,https://github.com/jonathanong/ee-first#readme,MIT
electron-to-chromium,1.3.18,https://github.com/kilian/electron-to-chromium#readme,ISC
elliptic,6.4.0,https://github.com/indutny/elliptic,MIT
emojis-list,2.1.0,https://github.com/Kikobeats/emojis-list,MIT
encodeurl,1.0.1,https://github.com/pillarjs/encodeurl#readme,MIT
encoding,0.1.12,https://github.com/andris9/encoding#readme,MIT
engine.io,1.8.3,https://github.com/socketio/engine.io,MIT
engine.io-client,1.8.3,https://github.com/socketio/engine.io-client,MIT
engine.io-parser,1.3.2,https://github.com/socketio/engine.io-parser,MIT
enhanced-resolve,3.4.1,http://github.com/webpack/enhanced-resolve,MIT
ent,2.2.0,https://github.com/substack/node-ent#readme,MIT
entities,1.1.1,https://github.com/fb55/node-entities#readme,BSD-like
enzyme,2.9.1,http://airbnb.io/enzyme/,MIT
equalizer,0.0.11,https://github.com/dkubb/equalizer,MIT
errno,0.1.4,https://github.com/rvagg/node-errno#readme,MIT
error-ex,1.3.1,https://github.com/qix-/node-error-ex#readme,MIT
erubi,1.6.1,https://github.com/jeremyevans/erubi,MIT
erubis,2.7.0,http://www.kuwata-lab.com/erubis/,MIT
es-abstract,1.8.0,https://github.com/ljharb/es-abstract#readme,MIT
es-to-primitive,1.1.1,https://github.com/ljharb/es-to-primitive#readme,MIT
es5-ext,0.10.29,https://github.com/medikoo/es5-ext#readme,MIT
es6-iterator,2.0.1,https://github.com/medikoo/es6-iterator#readme,MIT
es6-map,0.1.5,https://github.com/medikoo/es6-map#readme,MIT
es6-set,0.1.5,https://github.com/medikoo/es6-set#readme,MIT
es6-symbol,3.1.1,https://github.com/medikoo/es6-symbol#readme,MIT
es6-weak-map,2.0.2,https://github.com/medikoo/es6-weak-map#readme,MIT
escape-html,1.0.3,https://github.com/component/escape-html#readme,MIT
escape-string-regexp,1.0.5,https://github.com/sindresorhus/escape-string-regexp#readme,MIT
escodegen,1.8.1,http://github.com/estools/escodegen,Simplified BSD
escope,3.6.0,http://github.com/estools/escope,Simplified BSD
eslint,4.5.0,http://eslint.org,MIT
eslint-plugin-jasmine,2.8.4,https://github.com/tlvince/eslint-plugin-jasmine,MIT
eslint-plugin-react,7.3.0,https://github.com/yannickcr/eslint-plugin-react,MIT
eslint-scope,3.7.1,http://github.com/eslint/eslint-scope,Simplified BSD
espree,3.5.0,https://github.com/eslint/espree,Simplified BSD
esprima,2.7.3,http://esprima.org,Simplified BSD
esquery,1.0.0,https://github.com/jrfeenst/esquery#readme,BSD
esrecurse,4.2.0,https://github.com/estools/esrecurse,Simplified BSD
estraverse,4.2.0,https://github.com/estools/estraverse,Simplified BSD
esutils,2.0.2,https://github.com/estools/esutils,BSD
etag,1.8.0,https://github.com/jshttp/etag#readme,MIT
event-emitter,0.3.5,https://github.com/medikoo/event-emitter#readme,MIT
eventemitter2,0.4.14,https://github.com/hij1nx/EventEmitter2#readme,MIT
eventemitter3,1.2.0,https://github.com/primus/eventemitter3#readme,MIT
events,1.1.1,https://github.com/Gozala/events#readme,MIT
eventsource,0.1.6,http://github.com/aslakhellesoy/eventsource-node,MIT
evp_bytestokey,1.0.2,https://github.com/crypto-browserify/EVP_BytesToKey,MIT
execa,0.7.0,https://github.com/sindresorhus/execa#readme,MIT
exit,0.1.2,https://github.com/cowboy/node-exit,MIT
expand-braces,0.1.2,https://github.com/jonschlinkert/expand-braces,MIT
expand-brackets,0.1.5,https://github.com/jonschlinkert/expand-brackets,MIT
expand-range,0.1.1,https://github.com/jonschlinkert/expand-range,MIT
express,4.15.4,http://expressjs.com/,MIT
extend,3.0.1,https://github.com/justmoon/node-extend#readme,MIT
external-editor,2.0.4,https://github.com/mrkmg/node-external-editor#readme,MIT
extglob,0.3.2,https://github.com/jonschlinkert/extglob,MIT
extract-text-webpack-plugin,3.0.0,http://github.com/webpack-contrib/extract-text-webpack-plugin,MIT
extsprintf,1.3.0,https://github.com/davepacheco/node-extsprintf#readme,MIT
fancy-log,1.3.0,https://github.com/js-cli/fancy-log#readme,MIT
faraday,0.11.0,https://github.com/lostisland/faraday,MIT
faraday_middleware,0.11.0.1,https://github.com/lostisland/faraday_middleware,MIT
fast-deep-equal,1.0.0,https://github.com/epoberezkin/fast-deep-equal#readme,MIT
fast-levenshtein,2.0.6,https://github.com/hiddentao/fast-levenshtein#readme,MIT
fastparse,1.1.1,https://github.com/webpack/fastparse,MIT
faye-websocket,0.10.0,http://github.com/faye/faye-websocket-node,MIT
fbjs,0.8.14,https://github.com/facebook/fbjs#readme,New BSD
feature,1.4.0,http://github.com/mgsnova/feature,MIT
figures,2.0.0,https://github.com/sindresorhus/figures#readme,MIT
file-entry-cache,2.0.0,https://github.com/royriojas/file-entry-cache#readme,MIT
file-loader,0.11.2,https://github.com/webpack/file-loader,MIT
filename-regex,2.0.1,https://github.com/regexhq/filename-regex,MIT
fileset,2.0.3,https://github.com/mklabs/node-fileset,MIT
fill-range,2.2.3,https://github.com/jonschlinkert/fill-range,MIT
finalhandler,1.0.4,https://github.com/pillarjs/finalhandler#readme,MIT
find-cache-dir,1.0.0,https://github.com/avajs/find-cache-dir#readme,MIT
find-up,2.1.0,https://github.com/sindresorhus/find-up#readme,MIT
findup-sync,0.1.3,https://github.com/cowboy/node-findup-sync,MIT
flat-cache,1.2.2,https://github.com/royriojas/flat-cache#readme,MIT
flatten,1.0.2,https://github.com/jesusabdullah/node-flatten#readme,MIT
font-awesome,4.7.0,http://fontawesome.io/,(OFL-1.1 AND MIT)
for-in,1.0.2,https://github.com/jonschlinkert/for-in,MIT
for-own,1.0.0,https://github.com/jonschlinkert/for-own,MIT
foreach,2.0.5,https://github.com/manuelstofer/foreach#readme,MIT
forever-agent,0.6.1,https://github.com/mikeal/forever-agent#readme,Apache 2.0
form-data,2.1.4,https://github.com/form-data/form-data#readme,MIT
format-number,2.0.2,https://github.com/componitable/format-number#readme,New BSD
format-number-with-string,0.0.2,https://github.com/DeeLindesay/format-number-with-string#readme,MIT
forwarded,0.1.0,https://github.com/jshttp/forwarded#readme,MIT
fraction.js,4.0.2,http://www.xarg.org/2014/03/rational-numbers-in-javascript/,MIT OR GPL-2.0
fresh,0.5.0,https://github.com/jshttp/fresh#readme,MIT
fs-access,1.0.1,https://github.com/sindresorhus/fs-access#readme,MIT
fs-extra,0.30.0,https://github.com/jprichardson/node-fs-extra,MIT
fs.realpath,1.0.0,https://github.com/isaacs/fs.realpath#readme,ISC
fsevents,1.1.2,https://github.com/strongloop/fsevents,MIT
fstream,1.0.11,https://github.com/npm/fstream#readme,ISC
fstream-ignore,1.0.5,https://github.com/isaacs/fstream-ignore#readme,ISC
function-bind,1.1.0,https://github.com/Raynos/function-bind,MIT
function.prototype.name,1.0.3,https://github.com/ljharb/function.prototype.name#readme,MIT
functional-red-black-tree,1.0.1,https://github.com/mikolalysenko/functional-red-black-tree#readme,MIT
gauge,2.7.4,https://github.com/iarna/gauge,ISC
gaze,1.1.2,https://github.com/shama/gaze,MIT
get-caller-file,1.0.2,https://github.com/stefanpenner/get-caller-file#readme,ISC
get-stdin,4.0.1,https://github.com/sindresorhus/get-stdin#readme,MIT
get-stream,3.0.0,https://github.com/sindresorhus/get-stream#readme,MIT
getobject,0.1.0,https://github.com/cowboy/node-getobject,MIT
getpass,0.1.7,https://github.com/arekinath/node-getpass#readme,MIT
git-hooks,1.1.8,https://github.com/tarmolov/git-hooks-js#readme,MIT
glob,7.1.2,https://github.com/isaacs/node-glob#readme,ISC
glob-base,0.3.0,https://github.com/jonschlinkert/glob-base,MIT
glob-parent,2.0.0,https://github.com/es128/glob-parent,ISC
globalid,0.4.0,http://www.rubyonrails.org,MIT
globals,9.18.0,https://github.com/sindresorhus/globals#readme,MIT
globby,6.1.0,https://github.com/sindresorhus/globby#readme,MIT
globule,1.2.0,https://github.com/cowboy/node-globule,MIT
glogg,1.0.0,https://github.com/undertakerjs/glogg#readme,MIT
gonzales-pe,4.0.3,http://github.com/tonyganch/gonzales-pe,MIT
graceful-fs,4.1.11,https://github.com/isaacs/node-graceful-fs#readme,ISC
grunt,0.4.5,http://gruntjs.com/,MIT
grunt-contrib-jshint,0.6.5,https://github.com/gruntjs/grunt-contrib-jshint,MIT
grunt-contrib-uglify,0.2.7,https://github.com/gruntjs/grunt-contrib-uglify,MIT
grunt-legacy-log,0.1.3,http://gruntjs.com/,MIT
grunt-legacy-log-utils,0.1.1,http://gruntjs.com/,MIT
grunt-legacy-util,0.2.0,http://gruntjs.com/,MIT
grunt-lib-contrib,0.6.1,http://github.com/gruntjs/grunt-lib-contrib,MIT
gulp-util,3.0.7,https://github.com/gulpjs/gulp-util#readme,MIT
gulplog,1.0.0,https://github.com/gulpjs/gulplog#readme,MIT
haml,4.0.7,http://haml.info/,MIT
haml-rails,1.0.0,http://github.com/indirect/haml-rails,MIT
handle-thing,1.2.5,https://github.com/indutny/handle-thing#readme,MIT
handlebars,4.0.10,http://www.handlebarsjs.com/,MIT
har-schema,1.0.5,https://github.com/ahmadnassri/har-schema,ISC
har-validator,4.2.1,https://github.com/ahmadnassri/har-validator,ISC
has,1.0.1,https://github.com/tarruda/has,[Circular]
has-ansi,2.0.0,https://github.com/sindresorhus/has-ansi#readme,MIT
has-binary,0.1.7,"",MIT
has-cors,1.1.0,https://github.com/component/has-cors#readme,MIT
has-flag,2.0.0,https://github.com/sindresorhus/has-flag#readme,MIT
has-gulplog,0.1.0,https://github.com/gulpjs/has-gulplog#readme,MIT
has-unicode,2.0.1,https://github.com/iarna/has-unicode,ISC
hash-base,3.0.4,https://github.com/crypto-browserify/hash-base,MIT
hash.js,1.1.3,https://github.com/indutny/hash.js,MIT
hawk,3.1.3,https://github.com/hueniverse/hawk#readme,New BSD
high_voltage,3.0.0,http://github.com/thoughtbot/high_voltage,MIT
history,3.0.0,https://github.com/mjackson/history#readme,MIT
hmac-drbg,1.0.1,https://github.com/indutny/hmac-drbg#readme,MIT
hoek,2.16.3,https://github.com/hapijs/hoek#readme,New BSD
hoist-non-react-statics,1.2.0,https://github.com/mridgway/hoist-non-react-statics#readme,BSD
home-or-tmp,2.0.0,https://github.com/sindresorhus/home-or-tmp#readme,MIT
hooker,0.2.3,http://github.com/cowboy/javascript-hooker,MIT
hosted-git-info,2.5.0,https://github.com/npm/hosted-git-info,ISC
hpack.js,2.1.6,https://github.com/indutny/hpack.js#readme,MIT
html-comment-regex,1.1.1,https://github.com/stevemao/html-comment-regex,MIT
html-entities,1.2.1,https://github.com/mdevils/node-html-entities#readme,MIT
html2haml,2.2.0,http://haml.info,MIT
htmlescape,1.1.1,https://github.com/zertosh/htmlescape,MIT
htmlparser2,3.9.2,https://github.com/fb55/htmlparser2#readme,MIT
http-deceiver,1.2.7,https://github.com/indutny/http-deceiver#readme,MIT
http-errors,1.6.2,https://github.com/jshttp/http-errors#readme,MIT
http-proxy,1.16.2,https://github.com/nodejitsu/node-http-proxy#readme,MIT
http-proxy-middleware,0.17.4,https://github.com/chimurai/http-proxy-middleware,MIT
http-signature,1.1.1,https://github.com/joyent/node-http-signature/,MIT
https-browserify,0.0.1,https://github.com/substack/https-browserify,MIT
i18n,0.8.6,http://github.com/svenfuchs/i18n,MIT
ice_nine,0.11.2,https://github.com/dkubb/ice_nine,MIT
iconv-lite,0.4.18,https://github.com/ashtuchkin/iconv-lite,MIT
icss-replace-symbols,1.1.0,https://github.com/css-modules/icss-replace-symbols#readme,ISC
icss-utils,2.1.0,https://github.com/css-modules/icss-utils#readme,ISC
ieee754,1.1.8,https://github.com/feross/ieee754#readme,New BSD
ignore,3.3.3,https://github.com/kaelzhang/node-ignore#readme,MIT
immutable,3.8.1,https://facebook.github.com/immutable-js,New BSD
imurmurhash,0.1.4,https://github.com/jensyt/imurmurhash-js,MIT
in-publish,2.0.0,https://github.com/iarna/in-publish,ISC
indent-string,2.1.0,https://github.com/sindresorhus/indent-string#readme,MIT
indexes-of,1.0.1,https://github.com/dominictarr/indexes-of,MIT
indexof,0.0.1,"",unknown
inflight,1.0.6,https://github.com/isaacs/inflight,ISC
inherits,2.0.3,https://github.com/isaacs/inherits#readme,ISC
ini,1.3.4,https://github.com/isaacs/ini#readme,ISC
inline-source-map,0.6.2,https://github.com/thlorenz/inline-source-map,MIT
inputmask-core,2.2.0,https://github.com/insin/inputmask-core,MIT
inquirer,3.2.2,https://github.com/SBoudrias/Inquirer.js#readme,MIT
insert-module-globals,7.0.1,https://github.com/substack/insert-module-globals,MIT
internal-ip,1.2.0,https://github.com/sindresorhus/internal-ip#readme,MIT
interpret,1.0.3,https://github.com/tkellen/node-interpret,MIT
invariant,2.2.2,https://github.com/zertosh/invariant#readme,New BSD
invert-kv,1.0.0,https://github.com/sindresorhus/invert-kv#readme,MIT
ip,1.1.5,https://github.com/indutny/node-ip,MIT
ipaddr.js,1.4.0,https://github.com/whitequark/ipaddr.js#readme,MIT
is-absolute-url,2.1.0,https://github.com/sindresorhus/is-absolute-url#readme,MIT
is-arrayish,0.2.1,https://github.com/qix-/node-is-arrayish#readme,MIT
is-binary-path,1.0.1,https://github.com/sindresorhus/is-binary-path#readme,MIT
is-buffer,1.1.5,https://github.com/feross/is-buffer#readme,MIT
is-builtin-module,1.0.0,https://github.com/sindresorhus/is-builtin-module#readme,MIT
is-callable,1.1.3,https://github.com/ljharb/is-callable#readme,MIT
is-date-object,1.0.1,https://github.com/ljharb/is-date-object#readme,MIT
is-directory,0.3.1,https://github.com/jonschlinkert/is-directory,MIT
is-dotfile,1.0.3,https://github.com/jonschlinkert/is-dotfile,MIT
is-equal-shallow,0.1.3,https://github.com/jonschlinkert/is-equal-shallow,MIT
is-extendable,0.1.1,https://github.com/jonschlinkert/is-extendable,MIT
is-extglob,1.0.0,https://github.com/jonschlinkert/is-extglob,MIT
is-finite,1.0.2,https://github.com/sindresorhus/is-finite#readme,MIT
is-fullwidth-code-point,2.0.0,https://github.com/sindresorhus/is-fullwidth-code-point#readme,MIT
is-glob,2.0.1,https://github.com/jonschlinkert/is-glob,MIT
is-number,0.1.1,https://github.com/jonschlinkert/is-number,MIT
is-path-cwd,1.0.0,https://github.com/sindresorhus/is-path-cwd#readme,MIT
is-path-in-cwd,1.0.0,https://github.com/sindresorhus/is-path-in-cwd#readme,MIT
is-path-inside,1.0.0,https://github.com/sindresorhus/is-path-inside#readme,MIT
is-plain-obj,1.1.0,https://github.com/sindresorhus/is-plain-obj#readme,MIT
is-plain-object,2.0.4,https://github.com/jonschlinkert/is-plain-object,MIT
is-posix-bracket,0.1.1,https://github.com/jonschlinkert/is-posix-bracket,MIT
is-primitive,2.0.0,https://github.com/jonschlinkert/is-primitive,MIT
is-promise,2.1.0,https://github.com/then/is-promise#readme,MIT
is-regex,1.0.4,https://github.com/ljharb/is-regex,MIT
is-resolvable,1.0.0,https://github.com/shinnn/is-resolvable#readme,MIT
is-stream,1.1.0,https://github.com/sindresorhus/is-stream#readme,MIT
is-subset,0.1.1,https://github.com/studio-b12/is-subset#readme,MIT
is-svg,2.1.0,https://github.com/sindresorhus/is-svg#readme,MIT
is-symbol,1.0.1,https://github.com/ljharb/is-symbol#readme,MIT
is-typedarray,1.0.0,https://github.com/hughsk/is-typedarray,MIT
is-utf8,0.2.1,https://github.com/wayfind/is-utf8#readme,MIT
isarray,0.0.1,https://github.com/juliangruber/isarray,MIT
isbinaryfile,3.0.2,https://github.com/gjtorikian/isBinaryFile#readme,MIT
isexe,2.0.0,https://github.com/isaacs/isexe#readme,ISC
isobject,3.0.1,https://github.com/jonschlinkert/isobject,MIT
isomorphic-fetch,2.2.1,https://github.com/matthew-andrews/isomorphic-fetch/issues,MIT
isstream,0.1.2,https://github.com/rvagg/isstream,MIT
istanbul,0.4.5,https://github.com/gotwarlost/istanbul#readme,New BSD
istanbul-api,1.1.11,https://github.com/istanbuljs/istanbuljs#readme,New BSD
istanbul-instrumenter-loader,3.0.0,https://github.com/webpack-contrib/istanbul-instrumenter-loader,MIT
istanbul-lib-coverage,1.1.1,https://github.com/istanbuljs/istanbuljs,New BSD
istanbul-lib-hook,1.0.7,https://github.com/istanbuljs/istanbuljs#readme,New BSD
istanbul-lib-instrument,1.7.4,https://github.com/istanbuljs/istanbuljs,New BSD
istanbul-lib-report,1.1.1,https://github.com/istanbuljs/istanbuljs,New BSD
istanbul-lib-source-maps,1.2.1,https://github.com/istanbuljs/istanbuljs#readme,New BSD
istanbul-reports,1.1.1,https://github.com/istanbuljs/istanbuljs,New BSD
jasmine,2.7.0,http://jasmine.github.io/,MIT
jasmine-ajax,3.3.1,https://github.com/jasmine/jasmine-ajax#readme,MIT
jasmine-core,2.7.0,http://jasmine.github.io,MIT
jasmine-immutable-matchers,1.5.0,https://github.com/unindented/custom-immutable-matchers#readme,MIT
javascript-natural-sort,0.7.1,https://github.com/Bill4Time/javascript-natural-sort,MIT
jodid25519,1.0.2,https://github.com/meganz/jodid25519,MIT
jquery,3.2.1,https://jquery.com,MIT
jquery-ujs,1.2.2,https://github.com/rails/jquery-ujs#readme,MIT
js-base64,2.1.9,https://github.com/dankogai/js-base64#readme,BSD
js-tokens,3.0.2,https://github.com/lydell/js-tokens#readme,MIT
js-yaml,3.7.0,https://github.com/nodeca/js-yaml,MIT
jsbn,0.1.1,https://github.com/andyperlitch/jsbn#readme,MIT
jschardet,1.5.1,https://github.com/aadsm/jschardet#readme,LGPL-2.1+
jsesc,1.3.0,https://mths.be/jsesc,MIT
jshint,2.1.11,http://jshint.com/,MIT
json-loader,0.5.7,https://github.com/webpack/json-loader#readme,MIT
json-schema,0.2.3,https://github.com/kriszyp/json-schema#readme,"AFLv2.1,BSD"
json-schema-traverse,0.3.1,https://github.com/epoberezkin/json-schema-traverse#readme,MIT
json-stable-stringify,1.0.1,https://github.com/substack/json-stable-stringify,MIT
json-stringify-safe,5.0.1,https://github.com/isaacs/json-stringify-safe,ISC
json3,3.3.2,http://bestiejs.github.io/json3,MIT
json5,0.5.1,http://json5.org/,MIT
jsonfile,2.4.0,https://github.com/jprichardson/node-jsonfile#readme,MIT
jsonify,0.0.0,https://github.com/substack/jsonify#readme,Public Domain
jsonparse,1.3.1,https://github.com/creationix/jsonparse#readme,MIT
jsprim,1.4.1,https://github.com/joyent/node-jsprim#readme,MIT
jsx-ast-utils,2.0.0,https://github.com/evcohen/jsx-ast-utils#readme,MIT
karma,1.7.0,http://karma-runner.github.io/,MIT
karma-chrome-launcher,1.0.1,https://github.com/karma-runner/karma-chrome-launcher#readme,MIT
karma-coverage,1.1.1,https://github.com/karma-runner/karma-coverage#readme,MIT
karma-coverage-istanbul-reporter,1.3.0,https://github.com/mattlewis92/karma-coverage-istanbul-reporter#readme,MIT
karma-firefox-launcher,1.0.1,https://github.com/karma-runner/karma-firefox-launcher#readme,MIT
karma-htmlfile-reporter,0.3.5,https://github.com/matthias-schuetz/karma-htmlfile-reporter#readme,MIT
karma-jasmine,1.1.0,https://github.com/karma-runner/karma-jasmine#readme,MIT
karma-jasmine-ajax,0.1.13,https://github.com/IDCubed/karma-jasmine-ajax,MIT
karma-junit-reporter,1.2.0,https://github.com/karma-runner/karma-junit-reporter#readme,MIT
karma-remap-istanbul,0.6.0,https://github.com/marcules/karma-remap-istanbul#readme,MIT
karma-sourcemap-loader,0.3.7,https://github.com/demerzel3/karma-sourcemap-loader#readme,MIT
karma-verbose-reporter,0.0.6,https://github.com/usrz/javascript-karma-verbose-reporter#readme,MIT
karma-webpack,2.0.4,http://github.com/webpack/karma-webpack,MIT
kind-of,3.2.2,https://github.com/jonschlinkert/kind-of,MIT
klaw,1.3.1,https://github.com/jprichardson/node-klaw#readme,MIT
labeled-stream-splicer,2.0.0,https://github.com/substack/labeled-stream-splicer,MIT
lazy-cache,0.2.7,https://github.com/jonschlinkert/lazy-cache,MIT
lcid,1.0.0,https://github.com/sindresorhus/lcid#readme,MIT
levn,0.3.0,https://github.com/gkz/levn,MIT
lexical-scope,1.2.0,https://github.com/substack/lexical-scope,MIT
load-json-file,1.1.0,https://github.com/sindresorhus/load-json-file#readme,MIT
loader-runner,2.3.0,https://github.com/webpack/loader-runner#readme,MIT
loader-utils,1.1.0,https://github.com/webpack/loader-utils#readme,MIT
locate-path,2.0.0,https://github.com/sindresorhus/locate-path#readme,MIT
lodash,4.17.4,https://lodash.com/,MIT
lodash-es,4.17.4,https://lodash.com/custom-builds,MIT
lodash._baseassign,3.2.0,https://lodash.com/,MIT
lodash._basecopy,3.0.1,https://lodash.com/,MIT
lodash._basetostring,3.0.1,https://lodash.com/,MIT
lodash._basevalues,3.0.0,https://lodash.com/,MIT
lodash._bindcallback,3.0.1,https://lodash.com/,MIT
lodash._createassigner,3.1.1,https://lodash.com/,MIT
lodash._getnative,3.9.1,https://lodash.com/,MIT
lodash._isiterateecall,3.0.9,https://lodash.com/,MIT
lodash._reescape,3.0.0,https://lodash.com/,MIT
lodash._reevaluate,3.0.0,https://lodash.com/,MIT
lodash._reinterpolate,3.0.0,https://lodash.com/,MIT
lodash._root,3.0.1,https://lodash.com/,MIT
lodash.assign,4.2.0,https://lodash.com/,MIT
lodash.assignin,4.2.0,https://lodash.com/,MIT
lodash.bind,4.2.1,https://lodash.com/,MIT
lodash.camelcase,4.3.0,https://lodash.com/,MIT
lodash.clonedeep,4.5.0,https://lodash.com/,MIT
lodash.defaults,4.2.0,https://lodash.com/,MIT
lodash.escape,3.2.0,https://lodash.com/,MIT
lodash.filter,4.6.0,https://lodash.com/,MIT
lodash.flatten,4.4.0,https://lodash.com/,MIT
lodash.foreach,4.5.0,https://lodash.com/,MIT
lodash.isarguments,3.1.0,https://lodash.com/,MIT
lodash.isarray,3.0.4,https://lodash.com/,MIT
lodash.keys,3.1.2,https://lodash.com/,MIT
lodash.map,4.6.0,https://lodash.com/,MIT
lodash.memoize,4.1.2,https://lodash.com/,MIT
lodash.merge,4.6.0,https://lodash.com/,MIT
lodash.mergewith,4.6.0,https://lodash.com/,MIT
lodash.pick,4.4.0,https://lodash.com/,MIT
lodash.reduce,4.6.0,https://lodash.com/,MIT
lodash.reject,4.6.0,https://lodash.com/,MIT
lodash.restparam,3.6.1,https://lodash.com/,MIT
lodash.some,4.6.0,https://lodash.com/,MIT
lodash.tail,4.1.1,https://lodash.com/,MIT
lodash.template,3.6.2,https://lodash.com/,MIT
lodash.templatesettings,3.1.1,https://lodash.com/,MIT
lodash.uniq,4.5.0,https://lodash.com/,MIT
log4js,0.6.38,https://github.com/nomiddlename/log4js-node#readme,Apache 2.0
loglevel,1.4.1,https://github.com/pimterry/loglevel,MIT
longest,1.0.1,https://github.com/jonschlinkert/longest,MIT
loofah,2.0.3,https://github.com/flavorjones/loofah,MIT
loose-envify,1.3.1,https://github.com/zertosh/loose-envify,MIT
loud-rejection,1.6.0,https://github.com/sindresorhus/loud-rejection#readme,MIT
lru-cache,4.1.1,https://github.com/isaacs/node-lru-cache#readme,ISC
ltcdr,2.2.1,https://github.com/calvinmetcalf/ltcdr#readme,MIT
macaddress,0.2.8,https://github.com/scravy/node-macaddress,MIT
mail,2.6.5,https://github.com/mikel/mail,MIT
make-dir,1.0.0,https://github.com/sindresorhus/make-dir#readme,MIT
map-obj,1.0.1,https://github.com/sindresorhus/map-obj#readme,MIT
math-expression-evaluator,1.2.17,https://github.com/redhivesoftware/math-expression-evaluator#readme,MIT
mathjs,3.16.2,http://mathjs.org,Apache 2.0
md5.js,1.3.4,https://github.com/crypto-browserify/md5.js,MIT
media-typer,0.3.0,https://github.com/jshttp/media-typer#readme,MIT
mem,1.1.0,https://github.com/sindresorhus/mem#readme,MIT
memory-fs,0.4.1,https://github.com/webpack/memory-fs,MIT
meow,3.7.0,https://github.com/sindresorhus/meow#readme,MIT
merge-descriptors,1.0.1,https://github.com/component/merge-descriptors#readme,MIT
method_source,0.8.2,http://banisterfiend.wordpress.com,MIT
methods,1.1.2,https://github.com/jshttp/methods#readme,MIT
micromatch,2.3.11,https://github.com/jonschlinkert/micromatch,MIT
miller-rabin,4.0.0,https://github.com/indutny/miller-rabin,MIT
mime,1.3.6,https://github.com/broofa/node-mime#readme,MIT
mime-db,1.29.0,https://github.com/jshttp/mime-db#readme,MIT
mime-types,3.1,https://github.com/mime-types/ruby-mime-types/,MIT
mime-types-data,3.2016.0521,https://github.com/mime-types/mime-types-data/,MIT
mimic-fn,1.1.0,https://github.com/sindresorhus/mimic-fn#readme,MIT
mini_portile2,2.3.0,http://github.com/flavorjones/mini_portile,MIT
minimalistic-assert,1.0.0,https://github.com/calvinmetcalf/minimalistic-assert,ISC
minimalistic-crypto-utils,1.0.1,https://github.com/indutny/minimalistic-crypto-utils#readme,MIT
minimatch,3.0.4,https://github.com/isaacs/minimatch#readme,ISC
minimist,0.0.8,https://github.com/substack/minimist,MIT
minitest,5.10.3,https://github.com/seattlerb/minitest,MIT
mixin-object,2.0.1,https://github.com/jonschlinkert/mixin-object,MIT
mkdirp,0.5.1,https://github.com/substack/node-mkdirp#readme,MIT
module-deps,4.1.1,https://github.com/substack/module-deps,MIT
moment,2.18.1,http://momentjs.com,MIT
ms,2.0.0,https://github.com/zeit/ms#readme,MIT
multi_json,1.12.1,http://github.com/intridea/multi_json,MIT
multicast-dns,6.1.1,https://github.com/mafintosh/multicast-dns,MIT
multicast-dns-service-types,1.1.0,https://github.com/mafintosh/multicast-dns-service-types,MIT
multipart-post,2.0.0,https://github.com/nicksieger/multipart-post,MIT
multipipe,0.1.2,https://github.com/juliangruber/multipipe#readme,MIT
mute-stream,0.0.7,https://github.com/isaacs/mute-stream#readme,ISC
nan,2.6.2,https://github.com/nodejs/nan#readme,MIT
natural-compare,1.4.0,https://github.com/litejs/natural-compare-lite#readme,MIT
negotiator,0.6.1,https://github.com/jshttp/negotiator#readme,MIT
newrelic_rpm,4.1.0.333,https://github.com/newrelic/rpm,New Relic
nio4r,2.0.0,https://github.com/socketry/nio4r,MIT
node-fetch,1.7.2,https://github.com/bitinn/node-fetch,MIT
node-forge,0.6.33,http://github.com/digitalbazaar/forge,BSD
node-gyp,3.6.2,https://github.com/nodejs/node-gyp#readme,MIT
node-libs-browser,2.0.0,http://github.com/webpack/node-libs-browser,MIT
node-pre-gyp,0.6.36,https://github.com/mapbox/node-pre-gyp#readme,New BSD
node-sass,4.5.3,https://github.com/sass/node-sass,MIT
nokogiri,1.8.1,http://nokogiri.org,MIT
noms,0.0.0,https://github.com/calvinmetcalf/noms#readme,ISC
nopt,3.0.6,https://github.com/npm/nopt#readme,ISC
normalize-package-data,2.4.0,https://github.com/npm/normalize-package-data#readme,Simplified BSD
normalize-path,2.1.1,https://github.com/jonschlinkert/normalize-path,MIT
normalize-range,0.1.2,https://github.com/jamestalmage/normalize-range#readme,MIT
normalize-url,1.9.1,https://github.com/sindresorhus/normalize-url#readme,MIT
npm-run-path,2.0.2,https://github.com/sindresorhus/npm-run-path#readme,MIT
npmlog,4.1.2,https://github.com/npm/npmlog#readme,ISC
nth-check,1.0.1,https://github.com/fb55/nth-check,BSD
null-check,1.0.0,https://github.com/sindresorhus/null-check#readme,MIT
num2fraction,1.2.2,https://github.com/yisibl/num2fraction#readme,MIT
number-is-nan,1.0.1,https://github.com/sindresorhus/number-is-nan#readme,MIT
oauth-sign,0.8.2,https://github.com/mikeal/oauth-sign#readme,Apache 2.0
object-assign,4.1.1,https://github.com/sindresorhus/object-assign#readme,MIT
object-component,0.0.3,"",unknown
object-is,1.0.1,https://github.com/ljharb/object-is,MIT
object-keys,1.0.11,https://github.com/ljharb/object-keys#readme,MIT
object-path,0.9.2,https://github.com/mariocasciaro/object-path,MIT
object.assign,4.0.4,https://github.com/ljharb/object.assign#readme,MIT
object.entries,1.0.4,https://github.com/es-shims/Object.entries#readme,MIT
object.omit,2.0.1,https://github.com/jonschlinkert/object.omit,MIT
object.values,1.0.4,https://github.com/es-shims/Object.values#readme,MIT
obuf,1.1.1,https://github.com/indutny/offset-buffer,MIT
on-finished,2.3.0,https://github.com/jshttp/on-finished#readme,MIT
on-headers,1.0.1,https://github.com/jshttp/on-headers#readme,MIT
once,1.4.0,https://github.com/isaacs/once#readme,ISC
onetime,2.0.1,https://github.com/sindresorhus/onetime#readme,MIT
opn,4.0.2,https://github.com/sindresorhus/opn#readme,MIT
optimist,0.6.1,https://github.com/substack/node-optimist#readme,MIT/X11
optionator,0.8.2,https://github.com/gkz/optionator,MIT
options,0.0.6,https://github.com/einaros/options.js#readme,MIT
original,1.0.0,https://github.com/unshiftio/original#readme,MIT
os-browserify,0.2.1,https://github.com/CoderPuppy/os-browserify#readme,MIT
os-homedir,1.0.2,https://github.com/sindresorhus/os-homedir#readme,MIT
os-locale,1.4.0,https://github.com/sindresorhus/os-locale#readme,MIT
os-tmpdir,1.0.2,https://github.com/sindresorhus/os-tmpdir#readme,MIT
osenv,0.1.4,https://github.com/npm/osenv#readme,ISC
p-finally,1.0.0,https://github.com/sindresorhus/p-finally#readme,MIT
p-limit,1.1.0,https://github.com/sindresorhus/p-limit#readme,MIT
p-locate,2.0.0,https://github.com/sindresorhus/p-locate#readme,MIT
p-map,1.1.1,https://github.com/sindresorhus/p-map#readme,MIT
pako,0.2.9,https://github.com/nodeca/pako,MIT
parents,1.0.1,https://github.com/substack/node-parents,MIT
parse-asn1,5.1.0,https://github.com/crypto-browserify/parse-asn1#readme,ISC
parse-glob,3.0.4,https://github.com/jonschlinkert/parse-glob,MIT
parse-json,2.2.0,https://github.com/sindresorhus/parse-json#readme,MIT
parsejson,0.0.3,https://github.com/get/parsejson,MIT
parseqs,0.0.5,https://github.com/get/querystring,MIT
parseuri,0.0.5,https://github.com/get/parseuri,MIT
parseurl,1.3.1,https://github.com/pillarjs/parseurl#readme,MIT
path-browserify,0.0.0,https://github.com/substack/path-browserify,MIT
path-complete-extname,0.1.0,https://github.com/ruyadorno/path-complete-extname,MIT
path-exists,3.0.0,https://github.com/sindresorhus/path-exists#readme,MIT
path-is-absolute,1.0.1,https://github.com/sindresorhus/path-is-absolute#readme,MIT
path-is-inside,1.0.2,https://github.com/domenic/path-is-inside#readme,(WTFPL OR MIT)
path-key,2.0.1,https://github.com/sindresorhus/path-key#readme,MIT
path-parse,1.0.5,https://github.com/jbgutierrez/path-parse#readme,MIT
path-platform,0.11.15,http://github.com/tjfontaine/node-path-platform,MIT
path-to-regexp,0.1.7,https://github.com/component/path-to-regexp#readme,MIT
path-type,1.1.0,https://github.com/sindresorhus/path-type#readme,MIT
pbkdf2,3.0.13,https://github.com/crypto-browserify/pbkdf2,MIT
performance-now,0.2.0,https://github.com/meryn/performance-now,MIT
pify,2.3.0,https://github.com/sindresorhus/pify#readme,MIT
pinkie,2.0.4,https://github.com/floatdrop/pinkie#readme,MIT
pinkie-promise,2.0.1,https://github.com/floatdrop/pinkie-promise#readme,MIT
pkg-dir,2.0.0,https://github.com/sindresorhus/pkg-dir#readme,MIT
pluralize,4.0.0,https://github.com/blakeembrey/pluralize#readme,MIT
portfinder,1.0.13,https://github.com/indexzero/node-portfinder#readme,MIT
postcss,6.0.9,http://postcss.org/,MIT
postcss-advanced-variables,1.2.2,https://github.com/jonathantneal/postcss-advanced-variables,CC0-1.0
postcss-atroot,0.1.3,https://github.com/OEvgeny/postcss-atroot#readme,MIT
postcss-calc,5.3.1,https://github.com/postcss/postcss-calc#readme,MIT
postcss-color-function,4.0.0,https://github.com/postcss/postcss-color-function#readme,MIT
postcss-colormin,2.2.2,https://github.com/ben-eb/postcss-colormin,MIT
postcss-convert-values,2.6.1,https://github.com/ben-eb/postcss-convert-values,MIT
postcss-custom-media,6.0.0,https://github.com/postcss/postcss-custom-media#readme,MIT
postcss-custom-properties,6.1.0,https://github.com/postcss/postcss-custom-properties#readme,MIT
postcss-custom-selectors,4.0.1,https://github.com/postcss/postcss-custom-selectors#readme,MIT
postcss-discard-comments,2.0.4,https://github.com/ben-eb/postcss-discard-comments,MIT
postcss-discard-duplicates,2.1.0,https://github.com/ben-eb/postcss-discard-duplicates,MIT
postcss-discard-empty,2.1.0,https://github.com/ben-eb/postcss-discard-empty,MIT
postcss-discard-overridden,0.1.1,https://github.com/Justineo/postcss-discard-overridden,MIT
postcss-discard-unused,2.2.3,https://github.com/ben-eb/postcss-discard-unused,MIT
postcss-extend,1.0.5,https://github.com/travco/postcss-extend,MIT
postcss-filter-plugins,2.0.2,https://github.com/postcss/postcss-filter-plugins,MIT
postcss-import,10.0.0,https://github.com/postcss/postcss-import#readme,MIT
postcss-js,1.0.0,https://github.com/postcss/postcss-js#readme,MIT
postcss-load-config,1.2.0,https://github.com/michael-ciniawsky/postcss-load-config#readme,MIT
postcss-load-options,1.2.0,https://github.com/michael-ciniawsky/postcss-load-options#readme,MIT
postcss-load-plugins,2.3.0,https://github.com/michael-ciniawsky/postcss-load-plugins#readme,MIT
postcss-loader,2.0.6,https://github.com/postcss/postcss-loader#readme,MIT
postcss-media-minmax,3.0.0,https://github.com/postcss/postcss-media-minmax#readme,MIT
postcss-merge-idents,2.1.7,https://github.com/ben-eb/postcss-merge-idents,MIT
postcss-merge-longhand,2.0.2,https://github.com/ben-eb/postcss-merge-longhand,MIT
postcss-merge-rules,2.1.2,https://github.com/ben-eb/postcss-merge-rules,MIT
postcss-message-helpers,2.0.0,https://github.com/MoOx/postcss-message-helpers#readme,MIT
postcss-minify-font-values,1.0.5,https://github.com/TrySound/postcss-minify-font-values,MIT
postcss-minify-gradients,1.0.5,https://github.com/ben-eb/postcss-minify-gradients,MIT
postcss-minify-params,1.2.2,https://github.com/ben-eb/postcss-minify-params,MIT
postcss-minify-selectors,2.1.1,https://github.com/ben-eb/postcss-minify-selectors,MIT
postcss-mixins,6.1.0,https://github.com/postcss/postcss-mixins#readme,MIT
postcss-modules-extract-imports,1.2.0,https://github.com/css-modules/postcss-modules-extract-imports,ISC
postcss-modules-local-by-default,1.2.0,https://github.com/css-modules/postcss-modules-local-by-default#readme,MIT
postcss-modules-scope,1.1.0,https://github.com/css-modules/postcss-modules-scope,ISC
postcss-modules-values,1.3.0,https://github.com/css-modules/postcss-modules-values#readme,ISC
postcss-nested,2.1.2,https://github.com/postcss/postcss-nested#readme,MIT
postcss-nesting,4.1.0,https://github.com/jonathantneal/postcss-nesting#readme,CC0-1.0
postcss-normalize-charset,1.1.1,https://github.com/ben-eb/postcss-charset,MIT
postcss-normalize-url,3.0.8,https://github.com/ben-eb/postcss-normalize-url,MIT
postcss-ordered-values,2.2.3,https://github.com/ben-eb/postcss-ordered-values,MIT
postcss-partial-import,4.1.0,https://github.com/jonathantneal/postcss-partial-import#readme,CC0-1.0
postcss-property-lookup,1.2.1,https://github.com/simonsmith/postcss-property-lookup#readme,MIT
postcss-reduce-idents,2.4.0,https://github.com/ben-eb/postcss-reduce-idents,MIT
postcss-reduce-initial,1.0.1,https://github.com/ben-eb/postcss-reduce-initial,MIT
postcss-reduce-transforms,1.0.4,https://github.com/ben-eb/postcss-reduce-transforms,MIT
postcss-sass,0.1.0,https://github.com/AleshaOleg/postcss-sass,MIT
postcss-scss,1.0.2,https://github.com/postcss/postcss-scss#readme,MIT
postcss-selector-matches,3.0.1,https://github.com/postcss/postcss-selector-matches#readme,MIT
postcss-selector-not,3.0.1,https://github.com/postcss/postcss-selector-not#readme,MIT
postcss-selector-parser,2.2.3,https://github.com/postcss/postcss-selector-parser,MIT
postcss-simple-vars,4.1.0,https://github.com/postcss/postcss-simple-vars#readme,MIT
postcss-smart-import,0.7.5,https://github.com/sebastian-software/postcss-smart-import#readme,MIT
postcss-svgo,2.1.6,https://github.com/ben-eb/postcss-svgo,MIT
postcss-unique-selectors,2.0.2,https://github.com/ben-eb/postcss-unique-selectors,MIT
postcss-value-parser,3.3.0,https://github.com/TrySound/postcss-value-parser,MIT
postcss-zindex,2.2.0,https://github.com/ben-eb/postcss-zindex,MIT
precss,2.0.0,https://github.com/jonathantneal/precss#readme,CC0-1.0
prelude-ls,1.1.2,http://preludels.com,MIT
prepend-http,1.0.4,https://github.com/sindresorhus/prepend-http#readme,MIT
preserve,0.2.0,https://github.com/jonschlinkert/preserve,MIT
private,0.1.7,http://github.com/benjamn/private,MIT
process,0.11.10,https://github.com/shtylman/node-process#readme,MIT
process-nextick-args,1.0.7,https://github.com/calvinmetcalf/process-nextick-args,MIT
progress,2.0.0,https://github.com/visionmedia/node-progress#readme,MIT
promise,7.3.1,https://github.com/then/promise#readme,MIT
promise-each,2.2.0,https://github.com/yoshuawuyts/promise-each#readme,MIT
prop-types,15.5.10,https://facebook.github.io/react/,New BSD
proxy-addr,1.1.5,https://github.com/jshttp/proxy-addr#readme,MIT
prr,0.0.0,https://github.com/rvagg/prr,MIT
pseudomap,1.0.2,https://github.com/isaacs/pseudomap#readme,ISC
public-encrypt,4.0.0,https://github.com/crypto-browserify/publicEncrypt,MIT
puma,3.7.0,http://puma.io,New BSD
punycode,1.4.1,https://mths.be/punycode,MIT
q,1.5.0,https://github.com/kriskowal/q,MIT
qjobs,1.1.5,https://github.com/franck34/qjobs#readme,MIT
qs,6.4.0,https://github.com/ljharb/qs,New BSD
query-string,4.3.4,https://github.com/sindresorhus/query-string#readme,MIT
querystring,0.2.0,https://github.com/Gozala/querystring#readme,MIT
querystring-es3,0.2.1,https://github.com/mike-spainhower/querystring#readme,[Circular]
querystringify,0.0.4,https://github.com/unshiftio/querystringify,MIT
rack,2.0.3,http://rack.github.io/,MIT
rack-test,0.6.3,http://github.com/brynary/rack-test,MIT
rails,5.1.0,http://rubyonrails.org,MIT
rails-dom-testing,2.0.3,https://github.com/rails/rails-dom-testing,MIT
rails-erb-loader,5.1.0,https://github.com/usabilityhub/rails-erb-loader#readme,MIT
rails-html-sanitizer,1.0.3,https://github.com/rails/rails-html-sanitizer,MIT
railties,5.1.0,http://rubyonrails.org,MIT
rake,12.1.0,https://github.com/ruby/rake,MIT
randomatic,1.1.7,https://github.com/jonschlinkert/randomatic,MIT
randombytes,2.0.5,https://github.com/crypto-browserify/randombytes,MIT
range-parser,1.2.0,https://github.com/jshttp/range-parser#readme,MIT
raw-body,2.2.0,https://github.com/stream-utils/raw-body#readme,MIT
rc,1.2.1,https://github.com/dominictarr/rc#readme,(BSD-2-Clause OR MIT OR Apache-2.0)
react,15.6.1,https://facebook.github.io/react/,New BSD
react-addons-test-utils,15.6.0,https://github.com/facebook/react#readme,New BSD
react-autosuggest,8.0.1,https://github.com/moroshko/react-autosuggest#readme,MIT
react-autowhatever,7.0.0,https://github.com/moroshko/react-autowhatever#readme,MIT
react-datetime,2.10.1,https://github.com/YouCanBookMe/react-datetime,MIT
react-dom,15.6.1,https://facebook.github.io/react/,New BSD
react-input-autosize,1.1.4,https://github.com/JedWatson/react-input-autosize#readme,MIT
react-maskedinput,4.0.0,https://github.com/insin/react-maskedinput,MIT
react-onclickoutside,5.11.1,https://github.com/Pomax/react-onclickoutside,MIT
react-redux,5.0.5,https://github.com/gaearon/react-redux,MIT
react-router,3.0.0,https://github.com/ReactTraining/react-router#readme,MIT
react-select,1.0.0-rc.5,https://github.com/JedWatson/react-select#readme,MIT
react-test-renderer,15.6.1,https://facebook.github.io/react/,New BSD
react-themeable,1.1.0,https://github.com/markdalgleish/react-themeable#readme,MIT
react-widgets,3.4.8,http://jquense.github.io/react-widgets/docs/,MIT
react-wood-duck,0.1.19,https://github.com/ca-cwds/react-wood-duck#readme,MIT
read-cache,1.0.0,https://github.com/TrySound/read-cache#readme,MIT
read-only-stream,2.0.0,https://github.com/substack/read-only-stream,MIT
read-pkg,1.1.0,https://github.com/sindresorhus/read-pkg#readme,MIT
read-pkg-up,1.0.1,https://github.com/sindresorhus/read-pkg-up#readme,MIT
readable-stream,2.3.3,https://github.com/nodejs/readable-stream#readme,MIT
readdirp,2.1.0,https://github.com/thlorenz/readdirp,MIT
redent,1.0.0,https://github.com/sindresorhus/redent#readme,MIT
redis,3.3.3,https://github.com/redis/redis-rb,MIT
redis-actionpack,5.0.1,http://redis-store.org/redis-actionpack,MIT
redis-activesupport,5.0.1,http://redis-store.org/redis-activesupport,MIT
redis-rack,2.0.0,http://redis-store.org/redis-rack,MIT
redis-rails,5.0.1,http://redis-store.org/redis-rails,MIT
redis-store,1.2.0,http://redis-store.org/redis-store,MIT
reduce-css-calc,1.3.0,https://github.com/MoOx/reduce-css-calc#readme,MIT
reduce-function-call,1.0.2,https://github.com/MoOx/reduce-function-call#readme,MIT
redux,3.6.0,http://redux.js.org,MIT
redux-devtools-extension,2.13.2,https://github.com/zalmoxisus/redux-devtools-extension,MIT
redux-immutable,4.0.0,https://github.com/gajus/redux-immutable#readme,New BSD
redux-mock-store,1.2.3,https://github.com/arnaudbenard/redux-mock-store#readme,MIT
redux-saga,0.15.6,https://redux-saga.js.org/,MIT
redux-thunk,2.2.0,https://github.com/gaearon/redux-thunk,MIT
regenerate,1.3.2,https://mths.be/regenerate,MIT
regenerator-runtime,0.10.5,"",MIT
regenerator-transform,0.10.1,"",BSD
regex-cache,0.4.3,https://github.com/jonschlinkert/regex-cache,MIT
regex-parser,2.2.7,https://github.com/IonicaBizau/regex-parser.js,MIT
regexp-quote,0.0.0,https://github.com/dbrock/node-regexp-quote,unknown
regexpu-core,2.0.0,https://mths.be/regexpu,MIT
regjsgen,0.2.0,https://github.com/d10/regjsgen,MIT
regjsparser,0.1.5,https://github.com/jviereck/regjsparser,BSD
remap-istanbul,0.9.5,https://github.com/SitePen/remap-istanbul,New BSD
remove-trailing-separator,1.1.0,https://github.com/darsain/remove-trailing-separator#readme,ISC
repeat-element,1.1.2,https://github.com/jonschlinkert/repeat-element,MIT
repeat-string,1.6.1,https://github.com/jonschlinkert/repeat-string,MIT
repeating,2.0.1,https://github.com/sindresorhus/repeating#readme,MIT
replace-ext,0.0.1,http://github.com/wearefractal/replace-ext,MIT
request,2.81.0,https://github.com/request/request#readme,Apache 2.0
require-directory,2.1.1,https://github.com/troygoode/node-require-directory/,MIT
require-from-string,1.2.1,https://github.com/floatdrop/require-from-string#readme,MIT
require-main-filename,1.0.1,https://github.com/yargs/require-main-filename#readme,ISC
require-uncached,1.0.3,https://github.com/sindresorhus/require-uncached#readme,MIT
requires-port,1.0.0,https://github.com/unshiftio/requires-port,MIT
resolve,1.4.0,https://github.com/substack/node-resolve#readme,MIT
resolve-from,1.0.1,https://github.com/sindresorhus/resolve-from#readme,MIT
resolve-url,0.2.1,https://github.com/lydell/resolve-url#readme,MIT
resolve-url-loader,2.1.0,https://github.com/bholloway/resolve-url-loader,MIT
responders,2.4.0,http://github.com/plataformatec/responders,MIT
restore-cursor,2.0.0,https://github.com/sindresorhus/restore-cursor#readme,MIT
rework,1.0.1,https://github.com/reworkcss/rework#readme,MIT
rework-visit,1.0.0,"",MIT
rgb,0.1.0,https://github.com/kamicane/rgb#readme,MIT (http://mootools.net/license.txt)
right-align,0.1.3,https://github.com/jonschlinkert/right-align,MIT
rimraf,2.6.1,https://github.com/isaacs/rimraf#readme,ISC
ripemd160,2.0.1,https://github.com/crypto-browserify/ripemd160#readme,MIT
ruby_parser,3.10.1,https://github.com/seattlerb/ruby_parser,MIT
run-async,2.3.0,https://github.com/SBoudrias/run-async#readme,MIT
rx-lite,4.0.8,https://github.com/Reactive-Extensions/RxJS,Apache 2.0
rx-lite-aggregates,4.0.8,https://github.com/Reactive-Extensions/RxJS,Apache 2.0
safe-buffer,5.1.1,https://github.com/feross/safe-buffer,MIT
sanitize-html,1.14.1,https://github.com/punkave/sanitize-html#readme,MIT
sass-graph,2.2.4,https://github.com/xzyfer/sass-graph#readme,MIT
sass-loader,6.0.6,https://github.com/webpack-contrib/sass-loader,MIT
sax,1.2.4,https://github.com/isaacs/sax-js#readme,ISC
schema-utils,0.3.0,https://github.com/webpack-contrib/schema-utils#readme,MIT
scss-tokenizer,0.2.3,https://github.com/sasstools/scss-tokenizer,MIT
section-iterator,2.0.0,https://github.com/moroshko/section-iterator#readme,MIT
seed-random,2.2.0,https://github.com/ForbesLindesay/seed-random#readme,MIT
select-hose,2.0.0,https://github.com/indutny/select-hose#readme,MIT
selfsigned,1.10.1,https://github.com/jfromaniello/selfsigned#readme,MIT
semver,5.4.1,https://github.com/npm/node-semver#readme,ISC
send,0.15.4,https://github.com/pillarjs/send#readme,MIT
serve-index,1.9.0,https://github.com/expressjs/serve-index#readme,MIT
serve-static,1.12.4,https://github.com/expressjs/serve-static#readme,MIT
set-blocking,2.0.0,https://github.com/yargs/set-blocking#readme,ISC
set-immediate-shim,1.0.1,https://github.com/sindresorhus/set-immediate-shim#readme,MIT
setimmediate,1.0.5,https://github.com/YuzuJS/setImmediate#readme,MIT
setprototypeof,1.0.3,https://github.com/wesleytodd/setprototypeof,ISC
sexp_processor,4.10.0,https://github.com/seattlerb/sexp_processor,MIT
sha.js,2.4.8,https://github.com/crypto-browserify/sha.js,MIT
shallow-clone,0.1.2,https://github.com/jonschlinkert/shallow-clone,MIT
shallow-equal,1.0.0,https://github.com/moroshko/shallow-equal#readme,MIT
shasum,1.0.2,https://github.com/dominictarr/shasum,MIT
shebang-command,1.2.0,https://github.com/kevva/shebang-command#readme,MIT
shebang-regex,1.0.0,https://github.com/sindresorhus/shebang-regex#readme,MIT
shell-quote,1.6.1,https://github.com/substack/node-shell-quote#readme,MIT
shelljs,0.1.4,http://github.com/arturadib/shelljs,unknown
sigmund,1.0.1,https://github.com/isaacs/sigmund#readme,ISC
signal-exit,3.0.2,https://github.com/tapjs/signal-exit,ISC
slash,1.0.0,https://github.com/sindresorhus/slash#readme,MIT
slice-ansi,0.0.4,https://github.com/chalk/slice-ansi#readme,MIT
sntp,1.0.9,https://github.com/hueniverse/sntp#readme,BSD
socket.io,1.7.3,https://github.com/socketio/socket.io#readme,MIT
socket.io-adapter,0.5.0,https://github.com/Automattic/socket.io-adapter#readme,MIT
socket.io-client,1.7.3,https://github.com/Automattic/socket.io-client#readme,MIT
socket.io-parser,2.3.1,https://github.com/Automattic/socket.io-parser#readme,MIT
sockjs,0.3.18,https://github.com/sockjs/sockjs-node,MIT
sockjs-client,1.1.4,http://sockjs.org,MIT
sort-keys,1.1.2,https://github.com/sindresorhus/sort-keys#readme,MIT
source-list-map,2.0.0,https://github.com/webpack/source-list-map,MIT
source-map,0.5.7,https://github.com/mozilla/source-map,New BSD
source-map-resolve,0.3.1,https://github.com/lydell/source-map-resolve#readme,MIT
source-map-support,0.4.16,https://github.com/evanw/node-source-map-support#readme,MIT
source-map-url,0.3.0,https://github.com/lydell/source-map-url#readme,MIT
sparkles,1.0.0,https://github.com/phated/sparkles#readme,MIT
spdx-correct,1.0.2,https://github.com/kemitchell/spdx-correct.js#readme,Apache 2.0
spdx-expression-parse,1.0.4,https://github.com/kemitchell/spdx-expression-parse.js#readme,(MIT AND CC-BY-3.0)
spdx-license-ids,1.2.2,https://github.com/shinnn/spdx-license-ids#readme,Unlicense
spdy,3.4.7,https://github.com/indutny/node-spdy,MIT
spdy-transport,2.0.20,https://github.com/spdy-http2/spdy-transport,MIT
sprintf-js,1.0.3,https://github.com/alexei/sprintf.js#readme,New BSD
sprockets,3.7.1,https://github.com/rails/sprockets,MIT
sprockets-rails,3.2.0,https://github.com/rails/sprockets-rails,MIT
sshpk,1.13.1,https://github.com/arekinath/node-sshpk#readme,MIT
statuses,1.3.1,https://github.com/jshttp/statuses#readme,MIT
stdout-stream,1.4.0,https://github.com/mafintosh/stdout-stream#readme,MIT
stream-browserify,2.0.1,https://github.com/substack/stream-browserify,MIT
stream-combiner2,1.1.1,https://github.com/substack/stream-combiner2,MIT
stream-http,2.7.2,https://github.com/jhiesey/stream-http#readme,MIT
stream-splicer,2.0.0,https://github.com/substack/stream-splicer,MIT
strict-uri-encode,1.1.0,https://github.com/kevva/strict-uri-encode#readme,MIT
string-width,1.0.2,https://github.com/sindresorhus/string-width#readme,MIT
string_decoder,0.10.31,https://github.com/rvagg/string_decoder,MIT
stringstream,0.0.5,https://github.com/mhart/StringStream#readme,MIT
strip-ansi,3.0.1,https://github.com/chalk/strip-ansi#readme,MIT
strip-bom,2.0.0,https://github.com/sindresorhus/strip-bom#readme,MIT
strip-eof,1.0.0,https://github.com/sindresorhus/strip-eof#readme,MIT
strip-indent,1.0.1,https://github.com/sindresorhus/strip-indent#readme,MIT
strip-json-comments,2.0.1,https://github.com/sindresorhus/strip-json-comments#readme,MIT
style-loader,0.18.2,https://github.com/webpack/style-loader#readme,MIT
subarg,1.0.0,https://github.com/substack/subarg,MIT
sugarss,1.0.0,https://github.com/postcss/sugarss#readme,MIT
supports-color,4.2.1,https://github.com/chalk/supports-color#readme,MIT
svgo,0.7.2,https://github.com/svg/svgo,MIT
symbol-observable,1.0.4,https://github.com/blesh/symbol-observable#readme,MIT
syntax-error,1.3.0,https://github.com/substack/node-syntax-error,MIT
table,4.0.1,https://github.com/gajus/table#readme,New BSD
tapable,0.2.8,https://github.com/webpack/tapable,MIT
tar,2.2.1,https://github.com/isaacs/node-tar#readme,ISC
tar-pack,3.4.0,https://github.com/ForbesLindesay/tar-pack#readme,Simplified BSD
tcomb,2.7.0,https://github.com/gcanti/tcomb,MIT
text-table,0.2.0,https://github.com/substack/text-table,MIT
thor,0.20.0,http://whatisthor.com/,MIT
thread_safe,0.3.6,https://github.com/ruby-concurrency/thread_safe,Apache 2.0
through,2.3.8,https://github.com/dominictarr/through,MIT
through2,2.0.3,https://github.com/rvagg/through2#readme,MIT
thunky,0.1.0,https://github.com/mafintosh/thunky#readme,unknown
tilt,2.0.8,http://github.com/rtomayko/tilt/,MIT
time-stamp,2.0.0,https://github.com/jonschlinkert/time-stamp,MIT
timers-browserify,2.0.4,https://github.com/jryans/timers-browserify,MIT
tiny-emitter,2.0.0,https://github.com/scottcorgan/tiny-emitter#readme,MIT
tmp,0.0.31,http://github.com/raszi/node-tmp,MIT
to-array,0.1.4,https://github.com/Raynos/to-array,MIT
to-arraybuffer,1.0.1,https://github.com/jhiesey/to-arraybuffer#readme,MIT
to-fast-properties,1.0.3,https://github.com/sindresorhus/to-fast-properties#readme,MIT
tough-cookie,2.3.2,https://github.com/salesforce/tough-cookie,New BSD
trim-newlines,1.0.0,https://github.com/sindresorhus/trim-newlines#readme,MIT
trim-right,1.0.1,https://github.com/sindresorhus/trim-right#readme,MIT
tryit,1.0.3,https://github.com/HenrikJoreteg/tryit#readme,MIT
tty-browserify,0.0.0,https://github.com/substack/tty-browserify,MIT
tunnel-agent,0.6.0,https://github.com/mikeal/tunnel-agent#readme,Apache 2.0
tweetnacl,0.14.5,https://tweetnacl.js.org,Unlicense
type-check,0.3.2,https://github.com/gkz/type-check,MIT
type-is,1.6.15,https://github.com/jshttp/type-is#readme,MIT
typed-function,0.10.5,https://github.com/josdejong/typed-function,MIT
typedarray,0.0.6,https://github.com/substack/typedarray,MIT
tzinfo,1.2.3,http://tzinfo.github.io,MIT
ua-parser-js,0.7.14,http://github.com/faisalman/ua-parser-js,(GPL-2.0 OR MIT)
uglify-js,2.8.29,http://lisperator.net/uglifyjs,Simplified BSD
uglify-to-browserify,1.0.2,https://github.com/ForbesLindesay/uglify-to-browserify#readme,MIT
uglifyjs-webpack-plugin,0.4.6,https://github.com/webpack-contrib/uglifyjs-webpack-plugin,MIT
uid-number,0.0.6,https://github.com/isaacs/uid-number#readme,ISC
ultron,1.0.2,https://github.com/unshiftio/ultron,MIT
umd,3.0.1,https://github.com/ForbesLindesay/umd#readme,MIT
uncontrollable,4.1.0,https://github.com/jquense/uncontrollable#readme,MIT
underscore,1.7.0,http://underscorejs.org,MIT
underscore.string,2.3.3,http://epeli.github.com/underscore.string/,MIT
uniq,1.0.1,https://github.com/mikolalysenko/uniq#readme,MIT
uniqid,4.1.1,http://github.com/adamhalasz/diet-uniqid/,MIT
uniqs,2.0.0,https://github.com/fgnass/uniqs#readme,MIT
unpipe,1.0.0,https://github.com/stream-utils/unpipe#readme,MIT
urix,0.1.0,https://github.com/lydell/urix#readme,MIT
url,0.11.0,https://github.com/defunctzombie/node-url#readme,MIT
url-parse,1.0.5,https://github.com/unshiftio/url-parse#readme,MIT
useragent,2.2.1,https://github.com/3rd-Eden/useragent#readme,MIT
util,0.10.3,https://github.com/defunctzombie/node-util,MIT
util-deprecate,1.0.2,https://github.com/TooTallNate/util-deprecate,MIT
utils-merge,1.0.0,https://github.com/jaredhanson/utils-merge#readme,MIT
uuid,3.1.0,https://github.com/kelektiv/node-uuid#readme,MIT
validate-npm-package-license,3.0.1,https://github.com/kemitchell/validate-npm-package-license.js#readme,Apache 2.0
vary,1.1.1,https://github.com/jshttp/vary#readme,MIT
vendors,1.0.1,https://github.com/wooorm/vendors#readme,MIT
verror,1.10.0,https://github.com/davepacheco/node-verror#readme,MIT
vinyl,0.5.3,http://github.com/wearefractal/vinyl,MIT
vinyl-buffer,1.0.0,https://github.com/hughsk/vinyl-buffer,MIT
vinyl-source-stream,1.1.0,https://github.com/hughsk/vinyl-source-stream,MIT
virtus,1.0.5,https://github.com/solnic/virtus,MIT
vm-browserify,0.0.4,https://github.com/substack/vm-browserify#readme,MIT
void-elements,2.0.1,https://github.com/hemanth/void-elements,MIT
warning,2.1.0,https://github.com/r3dm/warning,Simplified BSD
watchpack,1.4.0,https://github.com/webpack/watchpack,MIT
wbuf,1.7.2,https://github.com/indutny/wbuf,MIT
webpack,3.5.5,https://github.com/webpack/webpack,MIT
webpack-dev-middleware,1.12.0,http://github.com/webpack/webpack-dev-middleware,MIT
webpack-dev-server,2.7.1,http://github.com/webpack/webpack-dev-server,MIT
webpack-manifest-plugin,1.3.1,https://github.com/danethurber/webpack-manifest-plugin,MIT
webpack-merge,4.1.0,https://github.com/survivejs/webpack-merge,MIT
webpack-sources,1.0.1,https://github.com/webpack/webpack-sources#readme,MIT
webpacker,2.0,https://github.com/rails/webpacker,MIT
websocket-driver,0.6.5,http://github.com/faye/websocket-driver-ruby,MIT
websocket-extensions,0.1.2,http://github.com/faye/websocket-extensions-ruby,MIT
whatwg-fetch,2.0.3,https://github.com/github/fetch#readme,MIT
whet.extend,0.9.9,https://github.com/Meettya/whet.extend#readme,MIT
which,1.3.0,https://github.com/isaacs/node-which#readme,ISC
which-module,1.0.0,https://github.com/nexdrew/which-module#readme,ISC
wide-align,1.1.2,https://github.com/iarna/wide-align#readme,ISC
window-size,0.1.0,https://github.com/jonschlinkert/window-size,[Circular]
wordwrap,0.0.2,https://github.com/substack/node-wordwrap#readme,MIT/X11
wrap-ansi,2.1.0,https://github.com/chalk/wrap-ansi#readme,MIT
wrappy,1.0.2,https://github.com/npm/wrappy,ISC
write,0.2.1,https://github.com/jonschlinkert/write,MIT
ws,1.1.2,https://github.com/websockets/ws#readme,MIT
wtf-8,1.0.0,https://mths.be/wtf8,MIT
xmlbuilder,3.1.0,http://github.com/oozcitak/xmlbuilder-js,MIT
xmlhttprequest-ssl,1.5.3,https://github.com/mjwwit/node-XMLHttpRequest#readme,MIT
xtend,4.0.1,https://github.com/Raynos/xtend,MIT
y18n,3.2.1,https://github.com/yargs/y18n,ISC
yallist,2.1.2,https://github.com/isaacs/yallist#readme,ISC
yargs,7.1.0,http://yargs.js.org/,MIT
yargs-parser,5.0.0,https://github.com/yargs/yargs-parser#readme,ISC
yeast,0.1.2,https://github.com/unshiftio/yeast,MIT
zlib-browserify,0.0.1,https://github.com/brianloveswords/zlib-browserify#readme,MIT
